A/B testing,9555
Adobe Suite,10632
Agile,1295
Azure,7833
B2B,4319
B2C,4424
Balsamic,9655
CSS,334
Flash,214
Graphic design,4459
Graphic Designer,9356
HTML,11287
Illustrator,2812
Information Architecture (IA),7133
JavaScript,213
JQuery,6501
Mock-ups,11278
Photoshop,82
Prototyping,8703
Sketch,11253
Stakeholder Management,6276
UI Designer,11203
UI/UX Designer,11274
UI/UX Manager,11210
User Centric Design,11220
User Flows,11293
User research,11219
User Testing,5371
UX Designer,9633
Visual Design,11241
Wireframing,5228