Career Builder,HQ00000015
Careers Seeker,HQ00000014
CVLib,HQ00000008
CWJobs,HQ00000002
Dice,HQ00000028
Direct,HQ00000020
First Point,HQ00000011
Fish4Jobs,HQ00000024
Glassdoor,HQ00000031
Grocer,HQ00000017
Gumtree,HQ00000004
Indeed,HQ00000025
IT Job Board,HQ00000016
Jobserve,HQ00000001
Jobsite,HQ00000009
Killer Jobs,HQ00000012
Linkedin,HQ00000018
LondonJobs,HQ00000026
Mailshot,HQ00000019
Monster,HQ00000005
Partner Network,HQ00000033
Planet,HQ00000007
Recommendation,HQ00000010
Reed,HQ00000006
Regen,HQ00000023
Social Media,HQ00000030
Stack Overflow,HQ00000029
Talent Point,HQ00000032
TalentSpa,HQ00000027
The Ladders,HQ00000013
Total,HQ00000003
UJOB,HQ00000021
Unknown,HQ00000034
